customer_id,signup_date,acquisition_channel,region
1,2025-03-18,Outbound Sales,APAC
2,2025-11-21,Organic,Other
3,2025-06-06,Referral,APAC
4,2025-11-20,Organic,EU
5,2025-04-21,Organic,US
6,2024-02-19,Referral,US
7,2024-09-02,Paid Search,Other
8,2025-06-25,Referral,US
9,2025-02-04,Organic,EU
10,2025-12-01,Organic,Other
11,2024-11-01,Organic,US
12,2025-01-15,Organic,EU
13,2025-01-16,Referral,US
14,2024-09-18,Referral,EU
15,2025-04-05,Referral,Other
16,2025-06-03,Paid Search,APAC
17,2025-08-26,Outbound Sales,US
18,2024-02-16,Paid Search,EU
19,2025-06-16,Organic,Other
20,2025-06-17,Organic,APAC
21,2025-09-07,Outbound Sales,US
22,2025-10-28,Organic,US
23,2025-03-07,Outbound Sales,US
24,2024-11-12,Paid Search,APAC
25,2025-10-08,Referral,APAC
26,2025-04-21,Outbound Sales,Other
27,2025-03-23,Organic,US
28,2025-11-13,Organic,EU
29,2025-01-19,Referral,EU
30,2024-11-26,Outbound Sales,US
31,2025-04-02,Paid Search,EU
32,2025-09-03,Paid Search,US
33,2025-12-24,Paid Search,EU
34,2025-11-19,Outbound Sales,US
35,2024-11-24,Paid Search,US
36,2024-01-13,Organic,Other
37,2024-02-07,Organic,US
38,2025-06-27,Paid Search,US
39,2024-09-24,Referral,US
40,2025-06-26,Organic,US
41,2025-07-07,Outbound Sales,EU
42,2024-05-06,Outbound Sales,Other
43,2025-04-01,Paid Search,US
44,2024-10-04,Referral,APAC
45,2024-12-21,Outbound Sales,US
46,2024-05-04,Referral,US
47,2025-03-06,Outbound Sales,EU
48,2025-07-24,Organic,US
49,2024-07-25,Referral,US
50,2024-03-14,Paid Search,US
51,2025-05-19,Organic,US
52,2024-10-01,Referral,US
53,2025-06-25,Referral,US
54,2025-09-27,Outbound Sales,US
55,2024-04-19,Paid Search,APAC
56,2024-11-22,Referral,EU
57,2025-04-10,Paid Search,US
58,2025-08-12,Referral,EU
59,2024-11-01,Organic,US
60,2025-10-14,Organic,EU
61,2025-08-11,Organic,EU
62,2025-09-17,Paid Search,EU
63,2025-03-26,Referral,EU
64,2025-04-23,Organic,US
65,2024-10-02,Paid Search,APAC
66,2025-03-26,Organic,US
67,2024-11-18,Outbound Sales,EU
68,2025-09-26,Outbound Sales,EU
69,2025-03-12,Paid Search,US
70,2025-04-02,Organic,APAC
71,2025-03-24,Referral,APAC
72,2025-10-10,Paid Search,US
73,2024-04-03,Referral,US
74,2025-01-23,Paid Search,US
75,2025-05-03,Organic,US
76,2024-06-04,Organic,EU
77,2025-03-23,Organic,US
78,2025-01-11,Outbound Sales,EU
79,2024-08-11,Referral,APAC
80,2024-04-08,Paid Search,US
81,2025-11-06,Outbound Sales,Other
82,2024-06-27,Organic,EU
83,2025-02-02,Organic,US
84,2025-06-16,Paid Search,APAC
85,2025-07-27,Paid Search,EU
86,2024-03-24,Referral,US
87,2025-05-06,Organic,APAC
88,2024-09-10,Organic,US
89,2025-07-02,Organic,APAC
90,2025-06-07,Outbound Sales,Other
91,2024-12-25,Paid Search,US
92,2024-11-06,Referral,US
93,2024-10-09,Referral,US
94,2025-11-02,Organic,EU
95,2025-07-26,Organic,US
96,2025-09-04,Referral,US
97,2024-09-16,Paid Search,APAC
98,2024-05-06,Paid Search,EU
99,2024-11-20,Referral,APAC
100,2025-12-05,Paid Search,APAC
101,2024-06-15,Paid Search,Other
102,2025-12-20,Organic,US
103,2025-12-24,Paid Search,EU
104,2025-05-06,Paid Search,US
105,2024-08-07,Referral,APAC
106,2024-05-02,Organic,Other
107,2024-12-13,Paid Search,APAC
108,2025-07-17,Referral,US
109,2025-02-13,Paid Search,US
110,2025-09-24,Organic,EU
111,2025-12-28,Paid Search,APAC
112,2025-09-04,Paid Search,US
113,2024-07-13,Organic,APAC
114,2024-11-24,Paid Search,US
115,2025-06-20,Paid Search,EU
116,2025-03-15,Paid Search,APAC
117,2024-09-01,Outbound Sales,Other
118,2025-09-07,Referral,EU
119,2025-03-19,Organic,US
120,2025-10-23,Paid Search,APAC
121,2025-06-14,Outbound Sales,US
122,2024-12-11,Outbound Sales,US
123,2025-03-23,Outbound Sales,Other
124,2024-03-10,Paid Search,EU
125,2025-11-16,Paid Search,US
126,2025-05-09,Referral,US
127,2024-04-06,Paid Search,US
128,2024-12-18,Paid Search,US
129,2024-07-04,Referral,US
130,2025-03-27,Referral,US
131,2024-12-09,Organic,EU
132,2025-01-02,Paid Search,US
133,2025-08-06,Outbound Sales,US
134,2024-01-24,Referral,US
135,2025-11-05,Paid Search,US
136,2024-08-16,Outbound Sales,US
137,2025-03-18,Organic,US
138,2025-10-03,Referral,US
139,2024-12-28,Organic,US
140,2025-07-15,Outbound Sales,US
141,2025-07-14,Paid Search,APAC
142,2025-09-06,Referral,EU
143,2024-12-07,Organic,US
144,2025-04-14,Organic,EU
145,2025-06-15,Referral,US
146,2025-06-01,Paid Search,US
147,2025-05-04,Paid Search,US
148,2024-02-19,Referral,US
149,2025-12-07,Paid Search,APAC
150,2024-05-26,Organic,US
151,2025-10-27,Outbound Sales,US
152,2024-05-26,Organic,Other
153,2024-07-20,Referral,APAC
154,2024-10-04,Referral,US
155,2025-07-11,Paid Search,US
156,2024-05-12,Organic,US
157,2025-10-07,Organic,US
158,2025-01-10,Paid Search,US
159,2024-07-05,Referral,EU
160,2025-11-25,Organic,EU
161,2024-12-21,Outbound Sales,APAC
162,2025-07-18,Referral,EU
163,2024-12-05,Outbound Sales,US
164,2024-07-19,Paid Search,US
165,2025-11-26,Outbound Sales,US
166,2025-06-18,Organic,US
167,2024-07-23,Paid Search,US
168,2024-05-26,Referral,US
169,2025-04-09,Referral,US
170,2025-05-05,Referral,EU
171,2025-01-26,Paid Search,EU
172,2024-11-01,Organic,EU
173,2025-05-22,Outbound Sales,Other
174,2025-11-04,Paid Search,EU
175,2025-05-18,Organic,APAC
176,2025-09-20,Paid Search,EU
177,2024-04-17,Organic,APAC
178,2024-09-02,Referral,EU
179,2025-11-06,Paid Search,US
180,2024-08-02,Referral,EU
181,2024-11-19,Outbound Sales,US
182,2025-09-11,Outbound Sales,US
183,2025-12-15,Paid Search,EU
184,2024-07-28,Organic,US
185,2024-11-06,Referral,US
186,2025-11-25,Outbound Sales,EU
187,2025-06-04,Organic,APAC
188,2025-12-01,Paid Search,EU
189,2024-11-02,Organic,APAC
190,2024-09-26,Outbound Sales,EU
191,2024-12-06,Paid Search,US
192,2025-11-08,Referral,EU
193,2025-03-18,Outbound Sales,US
194,2025-05-16,Referral,APAC
195,2024-11-21,Paid Search,EU
196,2025-03-16,Organic,US
197,2025-08-09,Outbound Sales,APAC
198,2024-02-17,Referral,EU
199,2024-10-16,Referral,EU
200,2024-07-26,Outbound Sales,US
201,2024-10-25,Outbound Sales,US
202,2025-08-08,Organic,Other
203,2024-11-28,Outbound Sales,EU
204,2025-04-01,Paid Search,US
205,2025-07-23,Organic,US
206,2024-01-15,Referral,US
207,2024-04-13,Referral,EU
208,2025-10-24,Paid Search,US
209,2025-09-23,Organic,US
210,2024-02-28,Paid Search,APAC
211,2025-08-01,Outbound Sales,US
212,2025-12-24,Outbound Sales,US
213,2025-10-27,Referral,US
214,2025-01-16,Organic,EU
215,2024-07-21,Referral,EU
216,2024-11-14,Referral,US
217,2025-01-22,Paid Search,APAC
218,2025-11-21,Referral,APAC
219,2025-07-01,Referral,US
220,2025-10-23,Paid Search,US
221,2025-12-08,Paid Search,EU
222,2025-07-11,Referral,APAC
223,2024-12-25,Outbound Sales,APAC
224,2024-12-16,Referral,APAC
225,2025-07-06,Paid Search,US
226,2025-09-08,Paid Search,US
227,2024-01-10,Paid Search,US
228,2024-02-15,Organic,US
229,2024-01-05,Referral,EU
230,2025-08-07,Referral,US
231,2024-08-07,Outbound Sales,EU
232,2024-03-19,Paid Search,APAC
233,2025-05-09,Outbound Sales,EU
234,2025-06-13,Outbound Sales,US
235,2025-06-18,Paid Search,US
236,2024-09-07,Paid Search,US
237,2024-10-20,Organic,US
238,2024-07-18,Referral,US
239,2024-11-20,Organic,APAC
240,2024-11-08,Referral,APAC
241,2025-05-09,Outbound Sales,APAC
242,2025-06-09,Organic,Other
243,2024-08-17,Referral,US
244,2024-01-01,Referral,EU
245,2025-02-08,Outbound Sales,US
246,2025-07-07,Organic,EU
247,2024-12-21,Organic,US
248,2024-09-01,Referral,APAC
249,2024-11-14,Paid Search,US
250,2024-06-20,Paid Search,US
251,2024-05-08,Referral,US
252,2025-11-16,Organic,US
253,2025-08-19,Referral,US
254,2024-06-25,Organic,EU
255,2025-11-02,Outbound Sales,US
256,2025-05-10,Organic,EU
257,2025-03-04,Paid Search,US
258,2025-04-17,Referral,APAC
259,2024-12-12,Paid Search,US
260,2025-12-17,Outbound Sales,US
261,2025-09-08,Organic,US
262,2025-09-10,Referral,US
263,2024-06-03,Organic,APAC
264,2025-06-10,Outbound Sales,EU
265,2024-07-17,Outbound Sales,APAC
266,2024-12-14,Organic,EU
267,2024-05-05,Referral,EU
268,2025-10-12,Organic,US
269,2025-12-01,Paid Search,US
270,2025-07-23,Outbound Sales,Other
271,2025-11-22,Outbound Sales,APAC
272,2025-01-10,Referral,US
273,2025-03-03,Referral,US
274,2024-07-11,Organic,APAC
275,2024-11-10,Outbound Sales,US
276,2025-01-15,Referral,US
277,2025-03-01,Referral,US
278,2025-01-27,Referral,APAC
279,2025-11-20,Paid Search,US
280,2025-05-05,Outbound Sales,APAC
281,2025-09-03,Paid Search,EU
282,2025-02-08,Paid Search,US
283,2025-06-01,Outbound Sales,APAC
284,2025-12-10,Referral,US
285,2025-12-27,Outbound Sales,EU
286,2024-06-03,Outbound Sales,US
287,2025-11-27,Paid Search,EU
288,2025-11-27,Referral,US
289,2025-08-02,Outbound Sales,Other
290,2025-06-03,Referral,US
291,2024-07-13,Outbound Sales,APAC
292,2025-03-16,Outbound Sales,Other
293,2025-06-21,Organic,APAC
294,2024-02-20,Outbound Sales,EU
295,2024-12-12,Organic,EU
296,2025-06-22,Organic,EU
297,2024-11-23,Organic,EU
298,2025-08-27,Outbound Sales,EU
299,2025-01-11,Paid Search,US
300,2025-11-23,Organic,APAC
301,2024-04-04,Paid Search,EU
302,2025-03-04,Paid Search,US
303,2025-01-07,Organic,US
304,2024-09-05,Outbound Sales,US
305,2024-08-10,Organic,Other
306,2024-05-18,Organic,US
307,2025-10-17,Organic,Other
308,2025-12-06,Organic,EU
309,2025-12-08,Organic,US
310,2025-06-16,Paid Search,Other
311,2024-10-26,Outbound Sales,EU
312,2025-02-15,Paid Search,Other
313,2025-07-19,Paid Search,US
314,2025-08-28,Paid Search,EU
315,2025-07-24,Organic,US
316,2025-05-06,Outbound Sales,APAC
317,2024-12-04,Outbound Sales,Other
318,2024-02-26,Outbound Sales,US
319,2025-09-02,Paid Search,US
320,2025-09-05,Outbound Sales,EU
321,2025-06-24,Outbound Sales,EU
322,2025-06-28,Organic,APAC
323,2025-10-02,Referral,EU
324,2025-02-04,Outbound Sales,US
325,2025-04-06,Referral,EU
326,2025-11-10,Referral,EU
327,2025-01-14,Paid Search,APAC
328,2024-09-25,Paid Search,APAC
329,2024-08-23,Organic,EU
330,2024-01-19,Referral,US
331,2025-08-14,Paid Search,Other
332,2025-02-05,Paid Search,EU
333,2024-03-27,Outbound Sales,Other
334,2024-07-25,Outbound Sales,US
335,2024-05-02,Organic,US
336,2025-09-28,Organic,EU
337,2025-02-27,Referral,EU
338,2025-12-09,Organic,EU
339,2025-07-11,Organic,APAC
340,2025-03-19,Organic,US
341,2024-11-20,Paid Search,APAC
342,2025-11-10,Paid Search,US
343,2024-03-25,Paid Search,EU
344,2025-05-06,Paid Search,US
345,2025-02-27,Outbound Sales,US
346,2025-02-12,Paid Search,US
347,2025-08-14,Paid Search,US
348,2025-04-12,Organic,APAC
349,2024-07-10,Paid Search,EU
350,2025-01-03,Paid Search,APAC
351,2025-12-15,Organic,APAC
352,2024-06-20,Paid Search,US
353,2025-04-24,Referral,APAC
354,2025-01-03,Referral,US
355,2025-11-23,Paid Search,US
356,2024-07-15,Organic,US
357,2025-08-03,Referral,US
358,2025-07-05,Paid Search,Other
359,2025-04-22,Referral,APAC
360,2024-09-14,Organic,US
361,2025-10-13,Organic,Other
362,2025-08-15,Outbound Sales,Other
363,2024-07-21,Paid Search,Other
364,2025-05-26,Referral,EU
365,2024-03-02,Paid Search,APAC
366,2025-09-04,Paid Search,APAC
367,2025-07-27,Paid Search,US
368,2024-09-23,Referral,Other
369,2025-03-22,Organic,APAC
370,2025-01-06,Paid Search,US
371,2025-11-05,Outbound Sales,EU
372,2025-08-10,Outbound Sales,US
373,2024-02-22,Referral,EU
374,2024-07-11,Outbound Sales,APAC
375,2025-02-06,Referral,APAC
376,2025-08-25,Organic,Other
377,2024-11-03,Paid Search,US
378,2025-03-02,Organic,EU
379,2025-03-22,Outbound Sales,US
380,2024-11-01,Organic,EU
381,2024-05-28,Paid Search,EU
382,2024-11-11,Organic,EU
383,2025-05-13,Paid Search,US
384,2025-05-13,Organic,APAC
385,2025-03-24,Organic,US
386,2025-04-03,Paid Search,US
387,2025-01-21,Organic,EU
388,2024-08-20,Organic,EU
389,2024-07-17,Referral,US
390,2025-03-16,Paid Search,APAC
391,2025-09-14,Organic,EU
392,2025-11-24,Paid Search,EU
393,2025-10-26,Referral,EU
394,2024-08-17,Paid Search,US
395,2025-07-14,Organic,APAC
396,2025-01-19,Outbound Sales,US
397,2024-11-05,Referral,Other
398,2025-10-04,Outbound Sales,US
399,2024-04-24,Outbound Sales,APAC
400,2025-02-11,Paid Search,EU
401,2025-10-20,Outbound Sales,US
402,2025-06-20,Outbound Sales,US
403,2025-10-21,Organic,APAC
404,2024-03-25,Referral,Other
405,2025-10-27,Paid Search,EU
406,2024-11-11,Organic,US
407,2024-02-01,Paid Search,EU
408,2024-02-11,Organic,US
409,2025-05-14,Paid Search,US
410,2024-12-19,Referral,US
411,2025-08-22,Referral,Other
412,2025-11-23,Outbound Sales,US
413,2024-12-11,Referral,APAC
414,2025-10-11,Referral,US
415,2024-04-09,Paid Search,US
416,2025-11-25,Organic,APAC
417,2025-09-04,Referral,EU
418,2024-08-14,Organic,EU
419,2024-12-03,Referral,US
420,2025-02-10,Paid Search,APAC
421,2025-11-22,Referral,US
422,2024-11-18,Paid Search,APAC
423,2025-08-23,Organic,US
424,2024-05-11,Organic,EU
425,2025-04-09,Paid Search,EU
426,2025-03-17,Paid Search,Other
427,2025-09-26,Organic,US
428,2024-04-04,Organic,US
429,2024-10-24,Organic,EU
430,2024-02-15,Referral,APAC
431,2025-02-03,Outbound Sales,EU
432,2025-10-25,Paid Search,EU
433,2025-03-07,Paid Search,EU
434,2025-06-27,Outbound Sales,US
435,2025-03-26,Paid Search,EU
436,2024-07-12,Organic,US
437,2024-08-05,Organic,US
438,2025-11-26,Paid Search,US
439,2025-03-26,Organic,US
440,2025-09-13,Outbound Sales,EU
441,2025-02-16,Outbound Sales,EU
442,2024-08-18,Organic,EU
443,2025-03-11,Paid Search,US
444,2025-02-23,Outbound Sales,APAC
445,2025-05-14,Paid Search,APAC
446,2025-04-13,Outbound Sales,APAC
447,2024-11-09,Organic,EU
448,2025-06-02,Outbound Sales,US
449,2025-04-18,Outbound Sales,US
450,2024-03-03,Organic,Other
451,2025-10-01,Outbound Sales,EU
452,2024-08-24,Paid Search,US
453,2024-11-18,Organic,Other
454,2024-10-19,Outbound Sales,EU
455,2024-09-25,Paid Search,US
456,2024-12-13,Paid Search,US
457,2025-06-19,Organic,EU
458,2025-06-12,Organic,US
459,2025-05-07,Paid Search,US
460,2024-01-27,Organic,US
461,2025-10-09,Paid Search,APAC
462,2024-03-23,Paid Search,US
463,2025-07-04,Referral,US
464,2025-04-08,Organic,APAC
465,2024-10-19,Organic,US
466,2025-08-24,Organic,Other
467,2025-09-13,Outbound Sales,APAC
468,2024-02-17,Organic,APAC
469,2025-04-07,Paid Search,APAC
470,2025-12-26,Referral,US
471,2025-03-16,Paid Search,US
472,2025-10-14,Paid Search,US
473,2025-02-13,Organic,EU
474,2025-07-04,Organic,APAC
475,2025-02-24,Paid Search,APAC
476,2025-08-02,Referral,US
477,2024-12-11,Organic,EU
478,2025-10-12,Outbound Sales,EU
479,2025-11-25,Outbound Sales,Other
480,2025-07-15,Organic,US
481,2025-04-13,Outbound Sales,EU
482,2025-10-13,Organic,US
483,2024-12-12,Organic,APAC
484,2025-04-25,Paid Search,US
485,2024-08-25,Paid Search,US
486,2025-07-25,Outbound Sales,EU
487,2025-04-18,Paid Search,US
488,2025-12-03,Organic,US
489,2024-04-13,Organic,EU
490,2025-07-12,Organic,US
491,2025-12-27,Organic,US
492,2024-01-18,Organic,EU
493,2024-08-17,Referral,APAC
494,2024-04-18,Organic,APAC
495,2025-01-22,Paid Search,EU
496,2025-05-19,Outbound Sales,APAC
497,2024-08-12,Paid Search,EU
498,2025-04-19,Organic,EU
499,2025-01-17,Outbound Sales,US
500,2025-07-12,Referral,US
501,2025-12-24,Paid Search,Other
502,2025-08-06,Outbound Sales,APAC
503,2025-11-28,Organic,APAC
504,2025-05-21,Paid Search,US
505,2025-07-09,Outbound Sales,US
506,2024-02-07,Paid Search,US
507,2024-02-07,Outbound Sales,US
508,2025-04-17,Organic,APAC
509,2024-08-20,Organic,US
510,2024-02-07,Referral,US
511,2024-05-24,Organic,EU
512,2025-09-21,Paid Search,APAC
513,2024-07-11,Outbound Sales,US
514,2025-11-08,Paid Search,EU
515,2025-11-08,Outbound Sales,US
516,2025-02-27,Outbound Sales,US
517,2024-10-10,Referral,EU
518,2025-12-26,Paid Search,APAC
519,2025-06-16,Paid Search,APAC
520,2024-08-09,Organic,EU
521,2025-11-10,Organic,APAC
522,2025-04-02,Paid Search,EU
523,2025-03-21,Organic,Other
524,2025-01-04,Organic,US
525,2024-05-12,Outbound Sales,EU
526,2025-03-23,Paid Search,US
527,2025-11-10,Outbound Sales,APAC
528,2025-12-16,Referral,US
529,2025-05-28,Outbound Sales,APAC
530,2025-02-11,Outbound Sales,EU
531,2024-09-10,Organic,APAC
532,2025-04-07,Paid Search,EU
533,2024-06-09,Paid Search,US
534,2025-03-19,Organic,APAC
535,2024-09-21,Paid Search,US
536,2024-11-09,Outbound Sales,US
537,2025-12-14,Outbound Sales,EU
538,2025-09-23,Referral,APAC
539,2024-08-22,Referral,APAC
540,2025-06-20,Paid Search,EU
541,2024-08-15,Paid Search,US
542,2024-06-03,Organic,US
543,2024-01-13,Referral,US
544,2025-12-21,Paid Search,US
545,2025-07-28,Paid Search,US
546,2025-02-04,Paid Search,US
547,2024-10-17,Outbound Sales,EU
548,2024-08-17,Referral,Other
549,2025-04-02,Organic,EU
550,2024-09-06,Organic,US
551,2025-08-17,Paid Search,EU
552,2025-12-05,Referral,APAC
553,2025-08-18,Referral,US
554,2025-07-23,Organic,US
555,2025-06-23,Referral,EU
556,2025-08-03,Organic,APAC
557,2025-11-03,Outbound Sales,APAC
558,2025-03-03,Outbound Sales,US
559,2025-08-20,Outbound Sales,Other
560,2025-11-21,Paid Search,US
561,2025-05-21,Organic,US
562,2025-08-08,Referral,US
563,2025-03-06,Referral,EU
564,2025-09-10,Referral,EU
565,2025-12-04,Referral,Other
566,2025-09-04,Outbound Sales,APAC
567,2025-11-06,Outbound Sales,US
568,2025-01-21,Paid Search,APAC
569,2024-10-13,Paid Search,EU
570,2025-11-03,Referral,EU
571,2025-10-10,Organic,US
572,2025-10-06,Paid Search,EU
573,2024-03-19,Outbound Sales,Other
574,2025-06-07,Paid Search,APAC
575,2025-12-09,Organic,Other
576,2025-01-03,Paid Search,APAC
577,2025-08-27,Organic,EU
578,2024-05-26,Paid Search,US
579,2025-12-11,Referral,APAC
580,2025-05-23,Outbound Sales,APAC
581,2024-03-18,Paid Search,US
582,2025-12-17,Outbound Sales,APAC
583,2025-10-23,Paid Search,US
584,2024-03-28,Organic,APAC
585,2025-05-24,Outbound Sales,US
586,2025-06-09,Outbound Sales,US
587,2025-08-14,Paid Search,US
588,2024-11-15,Outbound Sales,EU
589,2025-04-13,Organic,US
590,2024-09-02,Referral,US
591,2025-03-12,Organic,US
592,2025-11-13,Paid Search,US
593,2024-01-04,Organic,EU
594,2025-02-04,Organic,EU
595,2024-06-01,Referral,US
596,2025-02-22,Outbound Sales,US
597,2025-02-10,Outbound Sales,US
598,2025-09-25,Organic,US
599,2025-04-17,Organic,US
600,2025-11-03,Referral,APAC
601,2025-01-21,Paid Search,APAC
602,2025-05-19,Paid Search,US
603,2025-07-15,Paid Search,APAC
604,2025-01-16,Referral,US
605,2024-11-12,Paid Search,US
606,2025-12-15,Organic,EU
607,2024-03-13,Outbound Sales,US
608,2024-12-01,Outbound Sales,Other
609,2024-06-11,Paid Search,EU
610,2025-06-10,Outbound Sales,APAC
611,2025-05-19,Referral,US
612,2025-05-25,Paid Search,US
613,2025-05-24,Organic,EU
614,2025-04-24,Organic,EU
615,2025-12-20,Outbound Sales,US
616,2025-11-09,Outbound Sales,Other
617,2025-10-04,Referral,US
618,2025-11-10,Referral,US
619,2025-12-03,Organic,US
620,2025-06-11,Referral,APAC
621,2025-02-10,Paid Search,APAC
622,2025-09-07,Organic,Other
623,2025-12-13,Referral,US
624,2024-11-18,Paid Search,EU
625,2025-04-01,Organic,APAC
626,2024-10-06,Organic,APAC
627,2025-03-25,Organic,US
628,2025-08-15,Outbound Sales,EU
629,2024-12-14,Paid Search,APAC
630,2025-02-08,Paid Search,US
631,2024-12-04,Paid Search,US
632,2025-10-19,Outbound Sales,US
633,2025-08-22,Paid Search,US
634,2025-06-04,Organic,US
635,2024-11-04,Organic,EU
636,2025-05-20,Paid Search,US
637,2025-07-22,Referral,EU
638,2024-05-03,Referral,US
639,2024-10-09,Referral,Other
640,2024-06-16,Organic,US
641,2024-09-18,Paid Search,Other
642,2025-04-26,Organic,APAC
643,2025-06-10,Paid Search,US
644,2025-06-08,Organic,EU
645,2025-11-03,Referral,EU
646,2025-09-16,Referral,US
647,2025-01-03,Organic,US
648,2025-07-21,Referral,US
649,2024-06-16,Outbound Sales,EU
650,2024-07-12,Outbound Sales,US
651,2024-06-08,Referral,Other
652,2024-12-10,Outbound Sales,US
653,2025-11-04,Referral,EU
654,2025-02-22,Outbound Sales,EU
655,2025-01-11,Paid Search,Other
656,2025-12-14,Outbound Sales,EU
657,2025-06-07,Paid Search,US
658,2025-08-21,Organic,US
659,2025-04-03,Paid Search,EU
660,2024-05-28,Paid Search,US
661,2024-12-25,Referral,EU
662,2025-11-19,Paid Search,US
663,2025-04-14,Paid Search,US
664,2025-04-11,Paid Search,Other
665,2025-05-09,Referral,EU
666,2024-01-22,Organic,EU
667,2024-04-27,Organic,US
668,2024-09-05,Outbound Sales,US
669,2024-12-21,Paid Search,US
670,2025-07-07,Referral,US
671,2024-09-11,Paid Search,EU
672,2024-12-27,Referral,EU
673,2025-10-17,Referral,EU
674,2025-04-08,Referral,APAC
675,2025-01-28,Referral,APAC
676,2025-09-22,Organic,US
677,2025-07-01,Outbound Sales,US
678,2024-07-04,Referral,US
679,2025-09-04,Paid Search,US
680,2024-07-05,Referral,Other
681,2024-11-23,Outbound Sales,US
682,2024-06-07,Organic,APAC
683,2024-12-27,Referral,EU
684,2024-01-19,Outbound Sales,EU
685,2025-06-14,Referral,Other
686,2025-05-09,Organic,US
687,2024-09-12,Organic,APAC
688,2025-02-26,Organic,US
689,2025-11-03,Referral,US
690,2025-04-18,Paid Search,Other
691,2025-12-08,Outbound Sales,APAC
692,2025-02-22,Organic,APAC
693,2025-04-19,Outbound Sales,US
694,2024-07-04,Organic,APAC
695,2025-01-01,Referral,EU
696,2025-11-19,Outbound Sales,EU
697,2025-12-23,Paid Search,US
698,2025-08-14,Referral,US
699,2025-09-14,Organic,APAC
700,2025-05-08,Organic,US
701,2025-04-20,Organic,US
702,2025-01-23,Outbound Sales,US
703,2025-09-28,Paid Search,EU
704,2025-07-27,Paid Search,US
705,2024-10-19,Organic,US
706,2025-11-03,Paid Search,US
707,2025-10-16,Outbound Sales,US
708,2025-11-04,Organic,US
709,2025-11-07,Paid Search,APAC
710,2024-06-21,Paid Search,US
711,2025-12-14,Paid Search,EU
712,2024-08-02,Paid Search,APAC
713,2025-09-27,Paid Search,EU
714,2025-01-25,Paid Search,APAC
715,2025-05-22,Outbound Sales,APAC
716,2025-11-21,Referral,US
717,2025-09-20,Referral,APAC
718,2025-10-05,Organic,US
719,2025-08-26,Paid Search,APAC
720,2025-03-23,Organic,EU
721,2025-08-20,Paid Search,EU
722,2024-02-15,Organic,US
723,2025-08-23,Outbound Sales,APAC
724,2024-09-23,Organic,EU
725,2025-08-13,Organic,US
726,2025-06-24,Organic,EU
727,2025-10-08,Paid Search,APAC
728,2025-08-13,Referral,US
729,2024-05-17,Organic,Other
730,2025-12-23,Referral,US
731,2024-12-23,Referral,APAC
732,2025-12-22,Outbound Sales,APAC
733,2025-04-16,Organic,US
734,2025-07-03,Referral,EU
735,2025-05-03,Outbound Sales,US
736,2024-03-09,Paid Search,US
737,2025-03-07,Referral,APAC
738,2024-10-19,Referral,US
739,2025-04-07,Outbound Sales,US
740,2025-04-16,Organic,APAC
741,2025-01-14,Organic,EU
742,2025-10-21,Paid Search,US
743,2024-04-03,Outbound Sales,US
744,2025-11-18,Organic,US
745,2025-08-26,Paid Search,US
746,2025-12-19,Paid Search,Other
747,2025-10-23,Outbound Sales,US
748,2024-12-16,Organic,EU
749,2025-01-11,Outbound Sales,US
750,2025-05-20,Paid Search,EU
751,2025-08-07,Organic,US
752,2025-09-13,Outbound Sales,EU
753,2024-06-12,Paid Search,EU
754,2024-11-16,Paid Search,EU
755,2025-04-14,Organic,APAC
756,2025-11-04,Paid Search,US
757,2025-11-12,Paid Search,EU
758,2025-12-09,Organic,EU
759,2025-10-15,Organic,US
760,2025-12-15,Referral,US
761,2025-06-24,Paid Search,EU
762,2025-04-26,Organic,EU
763,2025-02-15,Paid Search,US
764,2025-01-23,Organic,US
765,2025-07-07,Organic,US
766,2025-12-20,Organic,US
767,2024-12-09,Outbound Sales,US
768,2025-09-26,Outbound Sales,APAC
769,2025-10-17,Referral,US
770,2024-03-14,Organic,EU
771,2025-12-01,Paid Search,APAC
772,2024-09-12,Paid Search,EU
773,2025-05-15,Organic,US
774,2025-07-14,Paid Search,US
775,2025-01-24,Referral,EU
776,2024-06-15,Paid Search,EU
777,2025-02-04,Organic,US
778,2025-05-01,Referral,EU
779,2024-02-10,Paid Search,US
780,2025-01-15,Paid Search,US
781,2025-10-18,Outbound Sales,US
782,2024-06-17,Paid Search,US
783,2025-03-05,Referral,US
784,2024-08-08,Paid Search,US
785,2025-09-27,Outbound Sales,US
786,2024-08-09,Paid Search,US
787,2024-08-05,Paid Search,EU
788,2024-06-01,Paid Search,US
789,2025-01-26,Outbound Sales,EU
790,2025-04-22,Paid Search,EU
791,2025-09-07,Organic,EU
792,2025-01-05,Referral,US
793,2025-02-14,Referral,US
794,2025-12-02,Organic,US
795,2025-06-27,Outbound Sales,US
796,2024-08-19,Paid Search,US
797,2025-06-10,Referral,US
798,2025-02-08,Paid Search,EU
799,2024-10-12,Referral,EU
800,2025-04-09,Organic,APAC
801,2024-07-09,Referral,APAC
802,2025-10-25,Referral,APAC
803,2024-04-25,Organic,US
804,2025-11-02,Outbound Sales,EU
805,2025-09-22,Paid Search,APAC
806,2024-06-28,Outbound Sales,EU
807,2025-03-24,Outbound Sales,US
808,2024-11-28,Outbound Sales,APAC
809,2024-02-16,Outbound Sales,APAC
810,2025-04-23,Outbound Sales,EU
811,2025-06-13,Referral,US
812,2024-03-10,Outbound Sales,EU
813,2025-01-23,Referral,EU
814,2025-11-17,Organic,US
815,2024-07-19,Organic,APAC
816,2025-12-13,Paid Search,APAC
817,2025-04-02,Organic,US
818,2025-08-03,Organic,Other
819,2025-10-27,Paid Search,APAC
820,2025-08-24,Organic,EU
821,2025-01-02,Paid Search,EU
822,2024-11-18,Referral,US
823,2024-02-05,Organic,US
824,2024-11-13,Outbound Sales,Other
825,2025-03-27,Paid Search,APAC
826,2024-08-27,Outbound Sales,US
827,2024-07-27,Paid Search,EU
828,2025-04-02,Organic,EU
829,2024-12-06,Paid Search,APAC
830,2025-03-09,Paid Search,EU
831,2024-06-01,Paid Search,EU
832,2025-04-08,Organic,APAC
833,2024-06-11,Organic,US
834,2025-06-14,Organic,US
835,2025-12-04,Referral,Other
836,2024-06-25,Outbound Sales,US
837,2025-09-26,Referral,US
838,2024-08-01,Paid Search,EU
839,2024-05-14,Organic,EU
840,2024-08-20,Outbound Sales,APAC
841,2025-08-28,Outbound Sales,Other
842,2025-07-24,Paid Search,APAC
843,2025-02-12,Outbound Sales,APAC
844,2025-04-26,Organic,US
845,2025-08-10,Referral,US
846,2025-10-15,Paid Search,EU
847,2025-08-08,Outbound Sales,US
848,2025-08-10,Outbound Sales,US
849,2025-06-15,Outbound Sales,EU
850,2024-07-13,Paid Search,US
851,2024-12-18,Referral,EU
852,2024-10-04,Outbound Sales,APAC
853,2025-10-05,Organic,EU
854,2024-07-25,Paid Search,EU
855,2025-03-02,Referral,US
856,2025-06-23,Organic,US
857,2024-10-10,Organic,US
858,2024-12-04,Outbound Sales,US
859,2024-11-14,Paid Search,EU
860,2025-05-28,Paid Search,Other
861,2025-01-27,Referral,EU
862,2025-10-19,Organic,US
863,2025-02-24,Outbound Sales,EU
864,2024-02-26,Organic,APAC
865,2025-09-09,Paid Search,EU
866,2025-01-12,Organic,Other
867,2025-05-06,Paid Search,EU
868,2024-11-22,Paid Search,US
869,2024-11-26,Organic,EU
870,2025-04-18,Outbound Sales,Other
871,2025-06-28,Referral,US
872,2024-07-05,Outbound Sales,APAC
873,2024-05-01,Referral,EU
874,2025-01-15,Paid Search,US
875,2025-09-14,Paid Search,US
876,2025-04-20,Organic,EU
877,2024-09-04,Referral,US
878,2025-10-08,Paid Search,Other
879,2024-04-17,Paid Search,EU
880,2024-05-09,Paid Search,US
881,2024-03-04,Referral,US
882,2025-03-17,Organic,Other
883,2024-12-11,Paid Search,EU
884,2024-06-08,Organic,US
885,2025-10-06,Outbound Sales,EU
886,2024-11-09,Paid Search,US
887,2025-01-14,Referral,EU
888,2025-01-27,Paid Search,US
889,2025-12-28,Organic,US
890,2024-07-02,Referral,Other
891,2025-04-19,Paid Search,US
892,2024-01-11,Outbound Sales,EU
893,2024-12-09,Referral,US
894,2025-08-09,Outbound Sales,US
895,2025-05-28,Outbound Sales,US
896,2025-06-28,Paid Search,US
897,2024-02-17,Organic,US
898,2024-09-26,Outbound Sales,EU
899,2025-06-07,Organic,APAC
900,2025-02-13,Outbound Sales,US
